{
    "train_losses": [
        6.975410385131836,
        4.256666608537946,
        3.520935756138393,
        3.017338891710554,
        2.6799244390215193,
        2.488433938707624,
        2.2500160789489745,
        2.1528695487976073,
        2.0006447315216063,
        1.8902467605045863,
        1.811609662600926,
        1.701559009552002,
        1.6486695493970598,
        1.602140086718968,
        1.557498470715114,
        1.5353639371054513,
        1.5082956899915423,
        1.4882943071637835,
        1.451319648878915,
        1.45337098802839,
        1.4335329464503697,
        1.4131585775102888,
        1.4187816579001291,
        1.399860862323216,
        1.4143386622837613
    ],
    "val_losses": [
        42.74196932474772,
        14.30488702138265,
        7.413963076273601,
        4.694605579376221,
        3.3200227864583334,
        4.421141856511434,
        2.723559195200602,
        3.1275827217102052,
        3.6551300430297853,
        6.411584866841634,
        2.6597519016265867,
        3.4180510012308756,
        2.4267721207936606,
        2.8198054758707682,
        3.855221538543701,
        2.5648058636983238,
        11.643271764119467,
        6.110357405344645,
        24.62835559844971,
        6.873026762008667,
        4.643568811416626,
        1.894920171101888,
        7.411854139963785,
        4.354620272318522,
        5.766762669881185
    ],
    "val_maes": [
        0.40154221018155417,
        0.24830315748850504,
        0.19038844525814055,
        0.16076354841391247,
        0.13694727977116902,
        0.13202260553836823,
        0.11984969218571981,
        0.11363184988498688,
        0.11489761590957642,
        0.1065382472674052,
        0.10321896066268285,
        0.09721426248550415,
        0.09058665821949641,
        0.09133843282858531,
        0.0889752267797788,
        0.09007048298915227,
        0.08564833303292592,
        0.08928349286317826,
        0.08532313197851181,
        0.0833928104241689,
        0.08364440808693568,
        0.08097055663665136,
        0.08284991155068079,
        0.08204709708690644,
        0.08116877436637879
    ],
    "val_fmeasures": [
        0.46358792344729105,
        0.5957919764518738,
        0.6613456400235495,
        0.6998801080385844,
        0.7322071504592895,
        0.7327733818689982,
        0.7611249669392903,
        0.7769689687093099,
        0.7602828701337179,
        0.7816850924491883,
        0.784876712958018,
        0.7945327671368917,
        0.8119016679128012,
        0.8087362678845723,
        0.8144967444737752,
        0.8116832685470581,
        0.8204637877146403,
        0.804908569653829,
        0.8177001253763835,
        0.8197772574424743,
        0.8205399354298909,
        0.8319444672266643,
        0.8215349372227987,
        0.8220466709136963,
        0.8263140455881754
    ],
    "val_emeasures": [
        0.5435107771555583,
        0.669741169611613,
        0.729880820910136,
        0.766787580649058,
        0.799557569026947,
        0.8062322664260865,
        0.8259269952774048,
        0.8344065618515014,
        0.8340000820159912,
        0.8450202377637227,
        0.8524021975199382,
        0.8594024920463562,
        0.8727696967124939,
        0.8711501995722453,
        0.8741564544041952,
        0.8722009285291036,
        0.8788238143920899,
        0.8712891435623169,
        0.8796809967358907,
        0.8816249410311381,
        0.8813150604565938,
        0.8877889649073283,
        0.8829466803868612,
        0.8838344176610311,
        0.886159541606903
    ],
    "best_mae": 0.08097055663665136,
    "best_fmeasure": 0.8319444672266643
}