{
    "PoolNet": {
        "best_mae": 0.04523627343579123,
        "best_maxf": 0.9096553317977364,
        "best_smeasure": 0.8970605966904842,
        "best_wfm": 0.8756616760163917
    },
    "PoolNetDS": {
        "best_mae": 0.042205135565329725,
        "best_maxf": 0.9127211219190011,
        "best_smeasure": 0.9019581375221236,
        "best_wfm": 0.8814423278049531
    },
    "PoolNetCFM": {
        "best_mae": 0.039446945043016796,
        "best_maxf": 0.9188287002685418,
        "best_smeasure": 0.9086117547380309,
        "best_wfm": 0.8919398111047391
    },
    "PoolNetGate": {
        "best_mae": 0.04085698440455168,
        "best_maxf": 0.9157413735859882,
        "best_smeasure": 0.9057257733411719,
        "best_wfm": 0.8880387933003194
    },
    "PoolNetASPP": {
        "best_mae": 0.04278976699955532,
        "best_maxf": 0.9142209712888613,
        "best_smeasure": 0.9026863760744815,
        "best_wfm": 0.884707747767997
    },
    "PoolNetASPP_CFM": {
        "best_mae": 0.04113337405836678,
        "best_maxf": 0.9190718210222603,
        "best_smeasure": 0.9067388154529586,
        "best_wfm": 0.8893620463690093
    },
    "PoolNetGateCFM": {
        "best_mae": 0.039680956376891306,
        "best_maxf": 0.920728152582196,
        "best_smeasure": 0.9081495723719467,
        "best_wfm": 0.889463054191987
    },
    "PoolNetASPPGate": {
        "best_mae": 0.03921563391123961,
        "best_maxf": 0.9174362482646522,
        "best_smeasure": 0.9073071637775123,
        "best_wfm": 0.8896572205858284
    },
    "F3Net": {
        "best_mae": 0.04503910079656862,
        "best_maxf": 0.9113456764212902,
        "best_smeasure": 0.8980323950847672,
        "best_wfm": 0.8789240938402707
    },
    "F3NetCBAM": {
        "best_mae": 0.04387855106138789,
        "best_maxf": 0.9147641962534423,
        "best_smeasure": 0.8997710053751568,
        "best_wfm": 0.8777509264305081
    },
    "F3NetASPP": {
        "best_mae": 0.0449487240503054,
        "best_maxf": 0.9146273157470576,
        "best_smeasure": 0.8986533123221102,
        "best_wfm": 0.8784770841078375
    },
    "CPDResNet": {
        "best_mae": 0.04315106834660948,
        "best_maxf": 0.9154916190273628,
        "best_smeasure": 0.9026572878341953,
        "best_wfm": 0.8849506184398276
    },
    "GateNet": {
        "best_mae": 0.04409258443538997,
        "best_maxf": 0.9132370364817729,
        "best_smeasure": 0.8995676196702338,
        "best_wfm": 0.8761934783774499
    },
    "GateNetCBAM": {
        "best_mae": 0.04247811561181231,
        "best_maxf": 0.9215199115658098,
        "best_smeasure": 0.905420018615514,
        "best_wfm": 0.887443334296424
    },
    "GateNetDS": {
        "best_mae": 0.04146502301161401,
        "best_maxf": 0.9206554361231937,
        "best_smeasure": 0.9057382226955588,
        "best_wfm": 0.8862323992325207
    },
    "PoolNetCFMEnhanced": {
        "best_mae": 0.037650153917527886,
        "best_maxf": 0.9243050301828695,
        "best_smeasure": 0.9115245218949927,
        "best_wfm": 0.8957929174950031
    }
}